mean,std,S
0.94833333333333325,0.0078222222222222304,"['count_quality', 'count_our', 'count_data', u'count_x-ms-tnef-correlator', u'count_adobe', 'count_here', u'count_john', 'count_chamber', u'count_thread-index', 'count_original', 'count_font', u'count_software', 'count_thread', u'count_2005', 'count_report', 'count_hello', 'count_blue', 'count_george', 'count_take', 'count_credit', 'count_receive', 'count_promotion', 'count_conference', 'count_bank', u'count_xp', u'count_+0000', 'count_republic', 'count_indigo', u'count_statements', 'count_click', u'count_wmdawmdawmdawmdawmdawmdawmdawmdawmdawmdawmdawmdawmdawmdawmdawmdawmdawmdawmda', 'count_cs', u'count_x-cc', u'count_gicagicagicagicagicagicagicagicagicagicagicagicagicagicagicagicagicagicagica', 'count_call', u'count_iso-8859-7', u'count_////////////////////////////////////////////////////////////////////////////', 'count_remove', 'count_paper', u'count_mimeole', 'count_upgrade', 'count_table', 'count_order', u'count_mark', 'count_technology', 'count_fast', u'count_x-msmail-priority', u'count_de', 'count_over', 'count_hi', 'count_investment', u'count_-original', 'count_valuable', 'count_fault', 'count_monkey', 'count_people', u'count_x-from', 'count_hammer', u'count_x-filename', 'count_internet', 'count_make', 'count_email', u'count_mx', u'count_k', 'count_direct', 'count_re', 'count_we', u'count_+0300', u'count_x-origin', 'len', u'count_v6.00.2900.2527', 'is_html', 'count_money', 'non_ascii', 'count_madam', u'count_windows', u'count_format', 'count_best', 'count_telnet', u'count_2004', u'count_david', 'count_think', u'count_g', 'count_address', 'count_tape', 'count_thank', u'count_content-classes', u'count_thread-topic', 'count_how', 'count_price', 'count_egg', 'count_edu']"
0.94391111111111115,0.0093555555555555614,"['count_fast', u'count_enron', 'count_revenue', 'count_how', u'count_\x81', u'count_david', u'count_v6.00.2900.2527', u'count_+0300', u'count_x-ms-tnef-correlator', 'count_receive', 'count_internet', 'is_html', 'count_edu', u'count_content-classes', 'is_a_request', 'count_offer', u'count_////////////////////////////////////////////////////////////////////////////', u'count_x-origin', 'count_report', u'count_2005', 'count_hp', u'count_+0000', 'count_punch']"
0.93020000000000003,0.012555555555555542,"['count_bank', 'is_a_request', 'count_egg', u'count_de', 'count_remove', u'count_x-from', 'count_money', u'count_content-classes', 'count_tape', 'count_upgrade', 'count_fast', u'count_windows', 'count_hi', u'count_g', u'count_software', u'count_express', 'count_george', 'count_think', 'count_people', 'is_html', 'count_receive', u'count_2005', u'count_mimeole', 'count_offer', u'count_binary', u'count_2004', u'count_\x1b', 'count_best', 'count_investment', u'count_multipart/alternative', 'count_report']"
0.93255555555555558,0.0015222222222222026,"[u'count_mx', u'count_////////////////////////////////////////////////////////////////////////////', 'count_think', 'count_here', 'is_a_request', u'count_x-cc', u'count_\x81', 'count_george', 'count_gun', u'count_x-ms-has-attach', 'count_conference', u'count_mark', 'count_chamber', 'count_revenue', 'count_thank', 'count_font', 'count_paper', 'count_republic', 'count_enter', u'count_professional', u'count_multipart/alternative', 'count_dear', 'count_how', u'count_enron', u'count_houston', 'count_spaces', 'is_html', 'count_receive', u'count_express', u'count_+0000', 'count_email', u'count_binary', 'count_investment', 'count_fast']"
0.9428777777777777,0.029155555555555546,"['count_telnet', u'count_x-msmail-priority', 'count_actor', 'count_monkey', u'count_\x1b', 'count_chamber', 'count_call', 'is_html', 'non_ascii', u'count_2005', u'count_+0000', u'count_+0300', u'count_multipart/alternative', 'count_internet', u'count_format', 'count_report', 'is_a_request', u'count_houston', 'count_money', 'count_conference', u'count_david', 'count_investment', u'count_-original', u'count_john', u'count_////////////////////////////////////////////////////////////////////////////', 'count_original', u'count_x-bcc']"
0.91127777777777774,0.035011111111111104,"['count_madam', 'count_font', 'count_hammer', 'count_bank', 'count_actor', u'count_2005', 'count_all', u'count_font-family', 'count_promotion', 'count_edu', u'count_k', u'count_multipart/alternative', u'count_+0000', 'count_internet', u'count_g', 'count_thank', u'count_gicagicagicagicagicagicagicagicagicagicagicagicagicagicagicagicagicagicagica', 'count_tape', 'count_telnet', 'count_price', 'count_call', 'non_ascii', 'count_egg', 'count_direct', u'count_professional', u'count_wmdawmdawmdawmdawmdawmdawmdawmdawmdawmdawmdawmdawmdawmdawmdawmdawmdawmdawmda', u'count_x-cc', 'count_revenue', u'count_x-ms-has-attach', u'count_express', 'count_hi', 'count_re', 'count_how', u'count_x-origin', 'count_hp', 'count_original', 'count_report', 'count_hello', u'count_mx', 'count_germ', 'count_enter', 'count_here', 'count_spam', 'count_take', 'count_address', u'count_statements', u'count_iso-8859-7', 'count_order', 'count_valuable', u'count_content-classes', 'count_money', u'count_louise', u'count_x-ms-tnef-correlator', 'count_our', u'count_john', 'is_a_request', u'count_houston', 'count_wrap', 'count_thread', 'count_pm', u'count_\x81', u'count_x-filename', u'count_binary', 'count_think', 'count_investment', 'len', 'count_gun', u'count_////////////////////////////////////////////////////////////////////////////', u'count_software', 'count_adult', u'count_-original', 'count_offer', 'count_paper', u'count_content-class', 'count_email', u'count_+0300', 'is_html', u'count_david', u'count_adobe', 'count_credit', 'count_make', 'count_quality', 'count_punch', 'count_dear', 'count_business', 'count_best', 'count_table']"
0.92288888888888887,0.0066444444444444528,"['count_thank', u'count_mimeole', 'count_paper', 'count_money', 'count_adult', u'count_v6.00.2900.2527', 'count_wrap', u'count_-original', 'count_enter', u'count_+0300', u'count_////////////////////////////////////////////////////////////////////////////', 'count_revenue', 'count_upgrade', 'count_credit', 'count_data', u'count_x-filename', 'count_indigo', 'count_punch', 'count_republic', 'count_call', u'count_houston', 'count_bank', u'count_de', 'count_promotion', u'count_\x81', 'count_pm', 'len', u'count_louise', 'count_price', 'count_hello', 'count_dear', 'count_valuable', 'count_hp', 'is_html', u'count_enron', 'count_edu', 'non_ascii']"
0.9239222222222222,0.014544444444444471,"['count_republic', u'count_n', 'count_table', 'count_pm', u'count_enron', 'count_madam', 'count_offer', 'count_valuable', 'count_order', 'count_hello', 'count_fast', u'count_x-ms-tnef-correlator', 'count_hammer', 'count_how', 'count_spaces', 'count_free', 'count_email', u'count_x-bcc', u'count_+0000', 'count_gun', u'count_+0300', u'count_k', 'count_click', 'count_egg', u'count_professional', 'count_money', u'count_x-origin', u'count_\x1b', 'count_punch', u'count_font-family', 'count_original', 'count_upgrade', 'is_a_request', 'count_investment', 'count_tape', u'count_x-from', 'count_thank', u'count_xp', 'count_price', 'count_we', u'count_thread-topic', u'count_adobe', 'count_wrap', u'count_content-classes', 'count_edu', 'count_hi', u'count_software', u'count_content-class', u'count_2005', 'count_technology', u'count_-original', u'count_windows', 'count_indigo', 'count_think', 'count_all', 'count_hp', u'count_iso-8859-7', 'count_here', 'count_conference', u'count_mimeole', 'non_ascii', 'count_thread', u'count_v6.00.2900.2527', 'len', u'count_mark', 'count_take', u'count_x-to', 'count_adult', u'count_x-filename', 'count_font', 'count_quality', u'count_x-msmail-priority', 'count_report', u'count_john', u'count_multipart/alternative', 'count_best', 'count_make', 'count_remove', 'count_re', 'count_direct', 'count_dear', 'count_promotion', u'count_x-cc', u'count_binary', 'count_george', u'count_wmdawmdawmdawmdawmdawmdawmdawmdawmdawmdawmdawmdawmdawmdawmdawmdawmdawmdawmda', u'count_david', 'count_cs', 'count_monkey', 'count_telnet', u'count_thread-index', 'count_fault', u'count_mx', 'count_internet', 'count_business', 'count_data', 'count_paper', u'count_format', u'count_express', u'count_\x81', 'count_germ', u'count_x-ms-has-attach', u'count_houston']"
0.92634444444444441,0.0099000000000000199,"['count_internet', u'count_binary', 'count_republic', u'count_x-ms-tnef-correlator', 'count_indigo', 'count_direct', u'count_wmdawmdawmdawmdawmdawmdawmdawmdawmdawmdawmdawmdawmdawmdawmdawmdawmdawmdawmda', u'count_x-msmail-priority', 'is_a_request', 'count_punch', u'count_iso-8859-7', 'count_regards', 'count_wrap', 'count_order', 'count_thank', 'count_re', 'count_how', 'count_business', u'count_john', 'count_font', 'count_valuable', 'count_call', 'count_germ', u'count_+0000', u'count_x-origin', 'count_email', 'count_cs', 'count_we', 'count_revenue', 'count_make', 'count_actor', 'count_enter', 'count_paper', u'count_x-to', u'count_\x81', 'count_click', u'count_x-ms-has-attach', u'count_x-cc', u'count_houston', 'count_all', u'count_-original', 'count_price', 'count_remove', 'count_hello', 'count_chamber', u'count_+0300', 'count_hammer', 'count_spaces', 'count_credit', 'count_upgrade', u'count_adobe', 'count_here', u'count_mx', 'count_quality', u'count_thread-index', 'count_over', u'count_professional', 'count_technology', u'count_xp', u'count_mark', 'count_our', u'count_2004', u'count_louise', 'count_madam', 'count_offer', 'count_people', u'count_multipart/alternative', u'count_statements', 'count_best', u'count_enron', 'count_pm', 'count_spam', u'count_mimeole', 'count_receive', 'count_data', 'count_fault', 'len', u'count_x-bcc', u'count_////////////////////////////////////////////////////////////////////////////', u'count_2005', u'count_thread-topic', 'count_hi', 'count_money', 'count_address', u'count_n', 'count_table', 'count_free', 'count_report', u'count_\x1b', u'count_software', 'count_telnet', u'count_express', u'count_david', 'count_bank', u'count_gicagicagicagicagicagicagicagicagicagicagicagicagicagicagicagicagicagicagica', 'count_edu', u'count_font-family', 'count_adult', u'count_g', u'count_v6.00.2900.2527', 'count_original', 'count_conference', 'count_thread', 'count_george', 'count_fast', u'count_content-classes', u'count_x-filename', u'count_windows', u'count_de', 'non_ascii', 'count_investment', u'count_k', 'count_take']"
0.94388888888888889,0.028622222222222216,"['is_html', 'count_chamber', u'count_2005', 'non_ascii', u'count_+0000', u'count_+0300', u'count_content-class', u'count_\x1b', 'count_edu', u'count_multipart/alternative', u'count_-original', u'count_statements', u'count_mimeole', u'count_x-msmail-priority', 'count_madam', u'count_////////////////////////////////////////////////////////////////////////////', u'count_2004', u'count_x-from', 'count_thread', u'count_x-cc', 'count_wrap', 'count_money', 'count_think', u'count_mx', u'count_windows']"
0.92155555555555546,0.0116222222222222,"[u'count_thread-topic', 'count_make', 'count_hello', u'count_k', u'count_x-msmail-priority', u'count_\x1b', 'count_best', u'count_content-classes', 'count_blue', 'len', 'count_egg', 'count_quality', u'count_x-to', 'count_spam', u'count_mark', u'count_wmdawmdawmdawmdawmdawmdawmdawmdawmdawmdawmdawmdawmdawmdawmdawmdawmdawmdawmda', u'count_thread-index', 'is_html', u'count_david', u'count_enron', u'count_x-ms-tnef-correlator', u'count_houston', 'count_regards', 'count_indigo', 'count_free', 'count_technology', 'count_investment', 'count_people', 'count_tape', 'count_table', u'count_2005', 'count_remove', 'count_pm', u'count_multipart/alternative', 'count_monkey', u'count_statements', 'count_wrap', 'count_our', 'count_how', 'count_over', 'count_price', 'count_enter', u'count_de', 'count_thread', u'count_+0300', 'non_ascii', u'count_g', 'count_fault']"
0.93792222222222221,0.0025333333333333319,"['count_direct', u'count_houston', 'count_investment', 'count_germ', u'count_mx', 'count_best', 'count_free', u'count_font-family', 'count_hammer', 'count_think', 'count_paper', 'count_offer', 'count_credit', 'count_call', 'count_punch', 'count_tape', u'count_content-class', u'count_x-bcc', 'count_report', 'count_telnet', u'count_content-classes', 'count_promotion', 'count_cs', u'count_+0000', 'count_make', 'count_regards', u'count_x-from', 'count_madam', 'count_george', 'count_spaces', 'count_original', u'count_thread-topic', u'count_gicagicagicagicagicagicagicagicagicagicagicagicagicagicagicagicagicagicagica', 'count_our', 'count_actor', 'count_blue', u'count_-original', u'count_professional', u'count_x-filename', 'count_monkey', 'count_money', 'is_a_request', u'count_adobe', 'non_ascii', u'count_x-origin', u'count_express', u'count_statements', 'len', u'count_+0300', 'count_remove', u'count_john', u'count_binary', u'count_v6.00.2900.2527', 'count_over', 'count_internet', u'count_wmdawmdawmdawmdawmdawmdawmdawmdawmdawmdawmdawmdawmdawmdawmdawmdawmdawmdawmda', 'count_how', 'count_order', 'count_spam', 'count_business', 'count_gun', 'count_bank', 'count_data', u'count_x-msmail-priority', u'count_2005', 'count_re', u'count_enron', 'count_hp', 'count_chamber', 'count_hi', 'count_hello', 'count_we', 'count_receive', u'count_x-ms-tnef-correlator', u'count_mimeole', 'count_dear', 'count_pm', u'count_\x1b', 'count_price', u'count_software', 'count_adult', 'count_conference', 'count_here', u'count_xp', 'count_thread', 'count_font', u'count_x-to', u'count_thread-index', u'count_format', u'count_multipart/alternative', u'count_k']"
0.94330000000000003,0.031877777777777783,"[u'count_+0000', 'count_thread', 'is_a_request', u'count_x-from', 'is_html', u'count_john', 'count_internet', u'count_+0300', u'count_////////////////////////////////////////////////////////////////////////////', u'count_2005', 'count_data', u'count_statements', u'count_mx', u'count_x-ms-has-attach', u'count_binary']"
0.9466444444444444,0.028733333333333333,"['count_cs', 'count_wrap', 'count_pm', u'count_binary', u'count_-original', u'count_x-bcc', 'count_take', u'count_xp', 'count_offer', 'count_gun', 'count_investment', 'count_free', u'count_2005', 'count_address', u'count_\x81', u'count_+0000', 'count_people', 'count_hello', 'count_regards', u'count_+0300', 'non_ascii', u'count_mx', u'count_houston', u'count_x-cc', 'count_valuable', 'count_receive', 'is_html', u'count_software', u'count_louise', 'count_remove', 'count_email', 'count_egg', u'count_x-msmail-priority', 'count_madam', 'count_think']"
0.93408888888888886,0.010066666666666668,"['count_thank', u'count_format', 'is_a_request', 'count_dear', 'count_people', u'count_-original', 'count_germ', 'count_table', 'count_edu', u'count_x-bcc', u'count_mx', 'count_wrap', u'count_x-ms-tnef-correlator', u'count_windows', 'count_here', 'count_offer', 'count_font', 'count_think', 'count_investment', 'count_enter', 'count_price', u'count_houston', u'count_software', 'count_republic', 'count_george', 'count_re', u'count_professional', 'count_spaces', u'count_de', u'count_multipart/alternative', 'count_free', 'count_actor', u'count_x-msmail-priority', u'count_adobe', u'count_x-cc', u'count_david', 'count_gun', u'count_n', 'count_click', u'count_font-family', 'count_internet', 'count_tape', 'len', u'count_x-origin', 'count_regards', 'count_conference', u'count_mimeole', u'count_binary', u'count_+0000', 'count_monkey', 'count_telnet', 'count_call', u'count_x-from', u'count_x-filename', 'count_direct', 'count_chamber', 'is_html', u'count_////////////////////////////////////////////////////////////////////////////', 'count_make', 'count_order', 'count_over', 'count_our', 'count_paper', 'count_credit', u'count_k', 'count_thread', 'count_email', u'count_enron', u'count_express', u'count_louise', 'count_data', 'count_cs', 'count_blue', u'count_2005', 'count_take', u'count_x-ms-has-attach', 'count_hello', 'count_indigo', u'count_content-class', 'count_fast', u'count_v6.00.2900.2527', u'count_\x81', u'count_\x1b', 'count_remove', u'count_thread-topic', u'count_2004', 'count_punch', u'count_content-classes', 'count_madam', 'non_ascii', 'count_quality', 'count_valuable', 'count_promotion', 'count_how', u'count_wmdawmdawmdawmdawmdawmdawmdawmdawmdawmdawmdawmdawmdawmdawmdawmdawmdawmdawmda', 'count_we', 'count_upgrade', u'count_x-to', 'count_bank', 'count_report', 'count_technology', u'count_mark', u'count_+0300', 'count_hp', 'count_revenue', 'count_best']"
0.92931111111111109,0.016199999999999992,"[u'count_express', u'count_iso-8859-7', 'count_we', 'count_fault', 'count_george', u'count_adobe', 'count_spaces', 'count_over', u'count_////////////////////////////////////////////////////////////////////////////', 'count_address', u'count_houston', 'count_telnet', 'count_original', 'count_tape', 'count_indigo', u'count_g', 'count_report', u'count_enron', u'count_x-from', 'count_offer', 'count_font', u'count_john', 'count_enter', 'count_wrap', 'count_call', 'count_spam', u'count_software', u'count_x-cc', u'count_david', 'count_order', u'count_+0000', 'is_html', u'count_2005', u'count_+0300', 'count_internet', 'count_price', 'non_ascii', 'count_hp']"
0.91545555555555547,0.022988888888888892,"['count_bank', 'count_how', u'count_x-ms-tnef-correlator', 'count_email', 'count_cs', 'count_internet', 'count_business', 'count_font', 'count_offer', u'count_gicagicagicagicagicagicagicagicagicagicagicagicagicagicagicagicagicagicagica', u'count_john', u'count_g', 'count_best', 'count_here', 'count_data', u'count_x-ms-has-attach', 'count_valuable', u'count_binary', 'count_dear', 'count_order', 'count_address', 'count_we', 'count_spaces', 'count_chamber', u'count_adobe', 'count_thread', u'count_2004', u'count_xp', u'count_content-classes', 'count_republic', 'count_fast', 'count_wrap', 'count_monkey', 'count_price', 'count_madam', 'count_people', u'count_x-to', 'count_call', 'count_egg', 'count_direct', 'count_remove', 'count_blue', 'count_hi', u'count_mx', 'count_free', u'count_thread-topic', u'count_iso-8859-7', 'count_enter', u'count_statements', 'count_conference', u'count_x-filename', 'count_all', 'count_over', u'count_x-origin', u'count_wmdawmdawmdawmdawmdawmdawmdawmdawmdawmdawmdawmdawmdawmdawmdawmdawmdawmdawmda', u'count_-original', 'count_hp', 'count_think', u'count_enron', 'count_original', 'count_hammer', 'len', u'count_+0300', u'count_x-from', u'count_software', u'count_content-class', u'count_2005', 'count_receive', 'count_technology', 'count_hello', 'count_investment', 'count_report', u'count_format', u'count_+0000', u'count_de', 'count_paper', u'count_thread-index', u'count_k', u'count_////////////////////////////////////////////////////////////////////////////', u'count_x-msmail-priority', 'count_regards', 'count_credit', u'count_mimeole', u'count_david', 'count_re', 'count_punch', u'count_windows', 'count_gun', 'count_money', 'count_quality', u'count_\x81', u'count_mark', u'count_x-cc', u'count_x-bcc', 'count_george', 'count_click', 'count_indigo', 'count_upgrade', u'count_professional', 'count_promotion', 'count_revenue', 'count_pm', 'count_fault', 'count_actor', 'count_make', 'count_germ', 'count_telnet', u'count_louise', u'count_n', 'count_table', u'count_houston']"
0.92204444444444444,0.0019111111111110857,"['count_bank', 'count_call', u'count_x-msmail-priority', u'count_mimeole', 'non_ascii', 'count_gun', 'count_all', 'count_make', 'count_thank', 'count_upgrade', 'count_paper', 'count_blue', 'count_data', 'count_adult', u'count_thread-index', u'count_-original', 'count_remove', u'count_content-classes', 'count_table', 'count_chamber', u'count_\x1b', u'count_houston', u'count_format', 'count_people', 'count_republic', 'count_internet', u'count_xp', u'count_x-bcc', 'count_receive', 'count_email', u'count_2005', u'count_x-origin', u'count_\x81', u'count_mx', 'count_george', 'count_promotion', u'count_statements']"
0.92314444444444443,0.021811111111111114,"['is_a_request', 'count_thank', u'count_+0300', 'count_take', u'count_k', 'count_indigo', 'count_dear', 'count_madam', u'count_n', 'is_html', 'count_actor', 'count_spaces', u'count_x-to', 'count_revenue', 'count_best', u'count_content-classes', u'count_thread-topic', 'count_order', 'count_our', 'count_regards', u'count_multipart/alternative', 'count_germ', 'count_fast', 'count_credit', 'count_receive', u'count_de', 'count_valuable', 'count_thread', 'count_pm', u'count_software', u'count_enron', 'count_think', 'count_gun', u'count_format', 'count_data', u'count_////////////////////////////////////////////////////////////////////////////', 'count_tape', u'count_2004', 'count_money', 'len', 'count_email', 'count_here', 'count_spam', u'count_x-bcc', u'count_gicagicagicagicagicagicagicagicagicagicagicagicagicagicagicagicagicagicagica', 'count_promotion', u'count_adobe', u'count_john', u'count_mx', u'count_-original', 'count_table', 'count_enter', 'count_offer', u'count_g', 'count_make', 'count_punch', u'count_x-ms-has-attach', u'count_x-cc', 'count_hi', u'count_x-from', 'count_hp', 'count_bank', u'count_statements', u'count_2005', 'count_adult', 'count_over', 'count_fault', 'count_internet', 'count_people', 'count_re', 'count_address', u'count_x-ms-tnef-correlator', u'count_v6.00.2900.2527', 'count_edu', 'count_paper', u'count_x-origin', 'count_cs', 'count_technology', u'count_\x1b', 'count_report', 'count_telnet', u'count_mark', u'count_david', 'count_click', 'count_hammer', 'count_free', 'count_egg', 'count_we', 'count_investment', u'count_louise', 'count_remove', u'count_mimeole', u'count_express', 'count_all', u'count_windows', u'count_wmdawmdawmdawmdawmdawmdawmdawmdawmdawmdawmdawmdawmdawmdawmdawmdawmdawmdawmda', u'count_x-filename', 'count_price', u'count_+0000', 'count_wrap', 'count_call', 'non_ascii', 'count_font', 'count_quality', 'count_original', 'count_business', 'count_george', 'count_hello', 'count_direct', u'count_iso-8859-7', 'count_upgrade', u'count_thread-index']"
0.93867777777777772,0.0054777777777777481,"['count_tape', u'count_x-ms-tnef-correlator', u'count_2005', u'count_x-to', 'count_george', 'count_cs', 'count_best', 'count_fault', 'count_bank', u'count_binary', 'count_spaces', 'count_email', u'count_enron', 'count_call', u'count_houston', u'count_mx', u'count_gicagicagicagicagicagicagicagicagicagicagicagicagicagicagicagicagicagicagica', 'count_table', 'count_people', 'count_germ', u'count_\x81', 'count_revenue', u'count_n', u'count_+0300', 'is_html', 'count_receive', 'count_hp', 'len', 'count_hello']"
0.9219222222222222,0.024266666666666659,"[u'count_x-cc', u'count_adobe', u'count_2005', 'count_original', u'count_professional', 'count_tape', u'count_mx', 'count_make', 'count_promotion', u'count_g', 'len', u'count_\x81', 'count_spaces', 'count_cs', 'count_dear', 'count_report', 'count_fast', u'count_2004', u'count_statements', u'count_x-bcc', 'count_enter', 'count_hp', u'count_gicagicagicagicagicagicagicagicagicagicagicagicagicagicagicagicagicagicagica', 'count_paper', 'count_money', 'count_madam', u'count_software', u'count_express', 'count_wrap', u'count_x-filename', 'count_egg', 'count_call', u'count_multipart/alternative', 'count_font', 'count_remove', 'count_thank', 'count_monkey', 'is_a_request', u'count_thread-topic', u'count_\x1b', 'count_re', 'count_george', u'count_mimeole', u'count_john', 'count_bank', u'count_content-classes', 'count_credit', 'count_data', 'count_offer', u'count_-original', 'count_punch', 'count_pm', 'count_technology', 'count_how', 'count_adult', u'count_x-from', u'count_+0000', 'count_receive', 'count_business', 'count_think', u'count_+0300', 'count_hi', 'count_blue', u'count_thread-index', u'count_houston', 'count_fault', 'count_actor', u'count_////////////////////////////////////////////////////////////////////////////', 'count_people', 'count_upgrade', 'count_table', 'count_telnet', 'count_edu', u'count_louise', 'count_spam', 'count_we', 'non_ascii', u'count_x-to', 'count_direct', 'count_hammer', 'count_investment', 'is_html', u'count_x-ms-has-attach', 'count_take', 'count_order']"
0.93788888888888888,0.00057777777777778816,"['count_spam', u'count_mimeole', 'count_technology', 'count_monkey', 'count_thank', 'count_hi', 'count_valuable', 'count_punch', 'count_font', u'count_\x1b', u'count_express', 'count_original', 'count_here', 'count_gun', u'count_v6.00.2900.2527', 'count_blue', u'count_x-origin', 'count_think', u'count_x-ms-has-attach', u'count_mark', 'count_actor', 'count_take', 'count_money', 'len', u'count_g', u'count_multipart/alternative', 'count_wrap', 'count_all', u'count_2004', 'count_address', u'count_binary', 'count_how', u'count_adobe', 'count_telnet', 'count_we', 'count_upgrade', 'count_indigo', 'non_ascii', u'count_professional', 'count_receive', 'count_re', 'count_click', u'count_x-cc', 'count_direct', 'count_tape', 'count_fast', 'count_business', u'count_iso-8859-7', 'count_dear', 'count_best', 'count_order', u'count_thread-index', 'count_investment', u'count_david', u'count_john', u'count_software', u'count_x-bcc', 'count_fault', u'count_2005', u'count_content-class', u'count_enron', u'count_content-classes', 'count_price', 'count_conference', u'count_x-from', 'count_hammer', u'count_x-msmail-priority', 'count_call', u'count_x-ms-tnef-correlator', 'count_make', 'count_over', u'count_n', 'count_spaces', 'count_promotion', u'count_-original', 'count_chamber', 'is_html', 'count_thread', u'count_houston', u'count_+0300', 'is_a_request', u'count_x-to', 'count_report', u'count_wmdawmdawmdawmdawmdawmdawmdawmdawmdawmdawmdawmdawmdawmdawmdawmdawmdawmdawmda', u'count_////////////////////////////////////////////////////////////////////////////', u'count_\x81', 'count_data', 'count_madam', 'count_credit', u'count_k', u'count_mx', 'count_offer', 'count_adult', 'count_cs', 'count_pm', u'count_format', 'count_people', u'count_louise', u'count_thread-topic', 'count_email', 'count_remove', u'count_xp', 'count_our', 'count_table', 'count_regards', u'count_windows', u'count_statements']"
0.95006666666666661,0.0058222222222222286,"['count_order', u'count_professional', u'count_xp', 'count_thread', u'count_mimeole', 'count_re', u'count_\x1b', u'count_houston', 'count_george', 'count_remove', u'count_\x81', 'count_offer', 'is_html', 'count_font', 'count_report', 'count_monkey', 'count_enter', 'count_business', u'count_wmdawmdawmdawmdawmdawmdawmdawmdawmdawmdawmdawmdawmdawmdawmdawmdawmdawmdawmda', 'count_regards', u'count_louise', 'count_punch', 'count_adult', 'count_valuable', 'count_free', 'count_money', u'count_x-cc', 'count_hammer', 'count_upgrade', 'count_technology', 'count_dear', u'count_2004', 'count_hello', 'count_bank', 'count_republic', u'count_+0300', u'count_x-filename', 'count_table', 'count_here', 'count_price', u'count_font-family', u'count_de', u'count_v6.00.2900.2527', u'count_x-bcc', u'count_2005', u'count_format', u'count_mx', u'count_x-origin', u'count_content-classes', 'count_wrap', 'count_fault', 'count_conference', 'count_we', u'count_software', u'count_multipart/alternative', 'count_credit', u'count_windows', u'count_////////////////////////////////////////////////////////////////////////////', 'len', 'count_direct', 'count_thank', 'count_actor', 'count_how', 'count_paper', u'count_thread-index', u'count_x-ms-has-attach', 'count_chamber', u'count_content-class', 'is_a_request', u'count_adobe', 'count_receive', 'count_spam', 'count_make', 'count_cs', u'count_gicagicagicagicagicagicagicagicagicagicagicagicagicagicagicagicagicagicagica', 'count_madam', u'count_+0000', u'count_david', 'non_ascii', 'count_original', 'count_spaces', u'count_enron', 'count_hp', u'count_-original', 'count_click', u'count_express']"
0.95323333333333338,0.017055555555555546,"['count_font', 'count_thread', u'count_professional', u'count_houston', u'count_express', u'count_+0000', 'is_a_request', u'count_wmdawmdawmdawmdawmdawmdawmdawmdawmdawmdawmdawmdawmdawmdawmdawmdawmdawmdawmda', 'count_pm', u'count_format', 'count_gun', 'count_direct', u'count_\x81', 'count_click', u'count_x-ms-tnef-correlator', u'count_multipart/alternative', 'count_hammer', 'count_report', 'count_price', 'count_email', 'count_take', u'count_statements', u'count_v6.00.2900.2527', 'count_quality', 'count_punch', u'count_david', 'count_remove', 'count_paper', 'count_thank', u'count_gicagicagicagicagicagicagicagicagicagicagicagicagicagicagicagicagicagicagica', u'count_////////////////////////////////////////////////////////////////////////////', 'count_blue', 'count_regards', u'count_mx', 'count_tape', u'count_2004', u'count_-original', 'count_data', 'count_indigo', 'count_credit', 'is_html', u'count_x-filename', u'count_2005', 'count_receive', 'count_internet', u'count_x-msmail-priority', 'count_table']"
0.93197777777777779,0.0032555555555555671,"['count_george', u'count_enron', u'count_format', u'count_x-to', 'count_actor', 'count_over', u'count_david', 'count_revenue', 'count_address', 'count_price', 'count_adult', 'count_dear', 'count_thread', 'count_order', 'count_blue', u'count_xp', u'count_windows', 'count_our', 'count_bank', u'count_+0000', 'count_investment', u'count_x-ms-has-attach', u'count_2004', 'count_cs', u'count_statements', 'count_make', 'count_click', u'count_v6.00.2900.2527', u'count_mimeole', u'count_+0300', u'count_multipart/alternative', u'count_x-msmail-priority', 'is_html', u'count_2005', 'count_people', 'count_thank']"
0.88045555555555555,0.046955555555555528,"['count_take', u'count_font-family', u'count_format', u'count_x-ms-tnef-correlator', 'count_regards', 'count_people', u'count_x-origin', 'count_thank', u'count_louise', u'count_adobe', u'count_david', 'count_money', 'count_indigo', u'count_x-filename', u'count_thread-index', 'count_germ', 'count_best', 'count_egg', 'count_price', 'count_punch', 'count_make', u'count_thread-topic', 'count_credit', u'count_mx', u'count_professional', 'count_upgrade', 'count_investment', 'count_madam', 'count_paper', u'count_mark', u'count_john', 'count_technology', 'count_re', 'count_we', 'count_monkey', 'count_thread', 'count_font', u'count_content-classes', u'count_////////////////////////////////////////////////////////////////////////////', 'count_edu', 'count_adult', 'count_receive', u'count_xp', u'count_+0000', u'count_\x1b', 'count_call', 'count_valuable', 'count_hi', 'count_revenue', 'count_fault', u'count_k', 'len', 'count_george', 'count_wrap', 'count_dear', 'count_click', u'count_v6.00.2900.2527', u'count_gicagicagicagicagicagicagicagicagicagicagicagicagicagicagicagicagicagicagica', u'count_statements', u'count_x-ms-has-attach', u'count_x-msmail-priority', 'count_over', 'is_a_request', 'non_ascii', 'count_actor', 'count_tape', 'count_republic', u'count_-original', 'count_conference', u'count_g', 'count_here']"
0.95075555555555558,0.0094666666666666788,"[u'count_mimeole', 'count_direct', u'count_adobe', u'count_david', 'count_promotion', u'count_x-ms-has-attach', 'count_email', 'count_wrap', 'count_blue', 'count_regards', 'count_gun', u'count_iso-8859-7', 'count_think', u'count_content-class', 'count_technology', 'count_fast', 'count_internet', 'count_click', 'count_revenue', u'count_binary', u'count_////////////////////////////////////////////////////////////////////////////', u'count_x-origin', 'is_html', 'count_receive', u'count_2005', u'count_multipart/alternative', u'count_xp', u'count_-original', 'len', 'count_offer', 'count_remove', 'count_money', u'count_mx', u'count_x-msmail-priority', u'count_windows', 'count_table']"
0.92215555555555562,0.015255555555555578,"['count_table', 'count_think', 'count_telnet', 'count_dear', u'count_statements', u'count_multipart/alternative', 'count_enter', 'count_click', 'count_free', 'count_email', u'count_iso-8859-7', 'count_make', 'count_internet', 'count_revenue', 'count_call', 'count_hammer', u'count_x-from', 'count_all', u'count_x-ms-tnef-correlator', u'count_2005', 'count_egg', 'count_republic', 'count_people', u'count_g', u'count_x-to', 'non_ascii', u'count_x-filename', 'count_take', 'count_monkey', 'count_paper', 'count_cs', u'count_john', 'count_address', 'count_hp', 'count_regards', u'count_express', 'count_spam', 'count_here', 'count_credit', u'count_windows', 'count_chamber', 'count_valuable', u'count_x-origin', 'count_price', 'count_business', 'count_thread', 'count_gun', 'count_remove', u'count_thread-topic', u'count_xp', 'count_original', u'count_david', u'count_software', u'count_x-ms-has-attach', 'count_our', 'is_a_request', 'is_html', 'count_conference', 'count_quality', 'count_fast', u'count_enron', u'count_mimeole', u'count_k', 'count_direct']"
0.92920000000000003,0.0035222222222222599,"['count_dear', u'count_2005', 'count_order', 'count_germ', 'count_money', 'count_original', u'count_windows', 'count_email', 'count_receive', 'count_spam', 'count_george', 'count_punch', u'count_iso-8859-7', u'count_\x81', u'count_thread-topic', 'count_pm', u'count_2004', 'count_we', u'count_x-to', 'count_egg', 'count_over', u'count_x-ms-has-attach', 'count_business', 'count_conference', u'count_v6.00.2900.2527', 'count_adult', 'count_fault', u'count_houston', 'count_indigo', 'count_blue', 'count_tape', u'count_font-family', 'count_wrap', u'count_gicagicagicagicagicagicagicagicagicagicagicagicagicagicagicagicagicagicagica', u'count_x-filename', 'count_hp', 'count_data', 'count_technology', 'count_telnet', 'count_hi', 'count_free', 'count_investment', 'count_monkey', u'count_mimeole', u'count_professional', u'count_wmdawmdawmdawmdawmdawmdawmdawmdawmdawmdawmdawmdawmdawmdawmdawmdawmdawmdawmda', u'count_adobe', 'count_madam', 'count_gun', 'is_html', 'count_spaces', 'count_price', 'is_a_request']"
0.95302222222222222,0.027688888888888874,"['count_email', 'count_madam', 'count_paper', u'count_2005', u'count_x-bcc', 'is_html', 'non_ascii', u'count_+0000', u'count_+0300', u'count_multipart/alternative', u'count_content-classes', 'count_receive', u'count_mimeole', 'count_price', u'count_x-msmail-priority', u'count_xp', 'count_original', u'count_2004', 'count_offer', 'is_a_request', 'count_regards', 'count_conference', 'count_upgrade']"
0.91978888888888888,0.00016666666666664831,"['count_money', 'count_tape', u'count_thread-index', 'count_technology', u'count_x-to', u'count_de', u'count_v6.00.2900.2527', 'count_free', u'count_statements', 'count_we', u'count_gicagicagicagicagicagicagicagicagicagicagicagicagicagicagicagicagicagicagica', 'count_investment', 'count_enter', 'count_telnet', u'count_thread-topic', u'count_binary', 'count_regards', 'count_spaces', 'count_blue', u'count_g', 'count_bank', 'count_adult', 'count_germ', u'count_mark', 'count_hammer', 'count_spam', 'count_pm', u'count_2004', 'count_cs', 'count_quality', 'count_credit', 'count_hi', 'count_wrap', u'count_font-family', 'is_a_request', 'count_email', 'count_report', u'count_x-msmail-priority', u'count_professional', 'count_hp', u'count_software', u'count_david', u'count_+0300', 'count_font', 'count_actor', 'count_address', u'count_x-from', u'count_enron', u'count_houston']"
0.93848888888888893,0.009988888888888936,"['count_thank', u'count_v6.00.2900.2527', u'count_x-to', 'count_internet', u'count_+0300', 'count_punch', u'count_wmdawmdawmdawmdawmdawmdawmdawmdawmdawmdawmdawmdawmdawmdawmdawmdawmdawmdawmda', 'count_republic', 'count_wrap', u'count_louise', u'count_-original', 'count_conference', u'count_xp', u'count_x-origin', u'count_enron', u'count_thread-topic', 'is_html', u'count_x-msmail-priority', u'count_john', 'count_data', u'count_houston', u'count_windows', 'count_direct', u'count_////////////////////////////////////////////////////////////////////////////', u'count_2005', 'count_gun', u'count_iso-8859-7']"
0.91155555555555556,0.022822222222222188,"['is_a_request', 'count_wrap', 'count_quality', 'count_germ', 'count_cs', 'count_hp', 'count_offer', u'count_thread-topic', u'count_windows', 'count_hi', 'count_chamber', 'count_how', u'count_x-ms-has-attach', u'count_professional', u'count_mark', u'count_2004', u'count_john', u'count_wmdawmdawmdawmdawmdawmdawmdawmdawmdawmdawmdawmdawmdawmdawmdawmdawmdawmdawmda', u'count_binary', u'count_-original', 'count_revenue', 'len', u'count_\x81', 'count_actor', 'count_call', 'count_make', u'count_n', 'count_direct', 'count_enter', 'count_re', u'count_de', u'count_david', u'count_\x1b', u'count_mimeole', 'count_address', 'count_thread', 'count_conference', 'count_click', 'count_promotion', 'count_spaces', u'count_x-to', 'count_we', u'count_x-filename', u'count_statements', u'count_font-family', 'count_font', 'count_punch', 'count_money', u'count_v6.00.2900.2527', 'count_our', 'count_egg', 'count_original', 'count_credit', u'count_+0000', 'count_all', 'count_technology', u'count_format', 'count_thank', 'count_upgrade', 'count_fast', 'count_telnet', u'count_content-classes', 'is_html', u'count_x-origin', 'count_adult', 'count_best', 'count_think', 'count_receive', u'count_software', u'count_xp', u'count_x-cc', u'count_x-from', 'count_report', 'count_here', 'count_bank', 'count_fault', 'count_price', 'count_over', u'count_x-msmail-priority', 'count_table', 'count_order', 'count_hello', u'count_x-ms-tnef-correlator', u'count_+0300', 'count_take', u'count_adobe', 'count_spam', u'count_////////////////////////////////////////////////////////////////////////////', 'count_monkey', u'count_content-class', 'count_dear', 'count_people', 'count_blue', 'count_business', u'count_enron', u'count_houston']"
0.94448888888888893,0.0044222222222222163,"[u'count_format', 'count_republic', u'count_\x81', u'count_iso-8859-7', 'count_george', u'count_houston', 'count_monkey', 'count_thread', u'count_content-classes', 'count_quality', 'count_receive', u'count_mx', 'count_enter', u'count_mimeole', 'count_promotion', 'count_people', 'non_ascii', 'count_edu', u'count_wmdawmdawmdawmdawmdawmdawmdawmdawmdawmdawmdawmdawmdawmdawmdawmdawmdawmdawmda', 'count_credit', 'count_indigo', 'count_remove', 'count_email', 'count_spaces', u'count_xp', 'count_our', 'count_chamber', 'count_price', 'count_actor', 'count_free', 'count_money', 'count_hello', 'count_technology', u'count_david', u'count_\x1b', 'count_hp', u'count_x-to', u'count_thread-topic', u'count_x-cc', u'count_content-class', 'count_gun', 'is_a_request', 'count_original', 'count_fault', 'count_hi', u'count_john', u'count_x-ms-tnef-correlator', 'count_click', 'is_html', u'count_-original', u'count_2005', u'count_+0300', 'count_call', u'count_2004', u'count_+0000', 'count_think', 'count_blue']"
0.91589999999999994,0.0044444444444444176,"['count_promotion', 'count_madam', 'count_take', u'count_+0300', u'count_////////////////////////////////////////////////////////////////////////////', 'count_thread', 'count_we', u'count_windows', u'count_\x81', 'count_regards', u'count_+0000', 'count_think', u'count_x-cc', 'count_order', 'len', 'count_valuable', 'count_tape', u'count_mx', 'count_technology', 'count_actor', 'is_a_request', 'count_upgrade', u'count_david', 'count_revenue', 'count_indigo', u'count_enron', 'count_click', u'count_multipart/alternative', u'count_houston', 'count_font', u'count_mimeole']"
0.89092222222222217,0.032877777777777728,"['count_we', 'count_internet', 'count_gun', 'count_remove', u'count_+0000', 'count_telnet', 'count_people', 'count_data', 'count_re', u'count_x-bcc', 'count_monkey', 'count_wrap', 'count_germ', u'count_\x1b', 'count_regards', u'count_\x81', 'count_make', 'count_conference', 'count_table', 'count_blue', u'count_mimeole', 'is_a_request', 'count_edu', 'count_thank', 'non_ascii', u'count_k', u'count_x-ms-tnef-correlator', u'count_content-classes', 'count_hp', u'count_v6.00.2900.2527', 'count_receive', u'count_de', 'count_bank', u'count_x-to', 'count_adult', 'count_free', u'count_iso-8859-7', 'count_enter', u'count_2005', u'count_x-ms-has-attach', u'count_x-origin']"
0.92010000000000003,0.00078888888888889452,"['count_money', u'count_gicagicagicagicagicagicagicagicagicagicagicagicagicagicagicagicagicagicagica', 'count_we', u'count_xp', u'count_adobe', u'count_\x81', 'count_madam', u'count_font-family', u'count_mimeole', 'count_hammer', 'count_telnet', u'count_x-filename', 'count_all', 'count_adult', 'len', 'count_blue', 'count_free', u'count_multipart/alternative', 'is_html', u'count_john', u'count_format', 'count_thank', 'count_report', u'count_enron', 'count_credit', 'count_call', 'count_original', 'count_wrap', 'count_table', 'count_indigo']"
0.95447777777777776,0.018755555555555525,"[u'count_thread-index', 'count_thread', 'count_cs', u'count_v6.00.2900.2527', 'count_people', u'count_wmdawmdawmdawmdawmdawmdawmdawmdawmdawmdawmdawmdawmdawmdawmdawmdawmdawmdawmda', 'count_credit', u'count_xp', 'count_republic', u'count_content-class', u'count_adobe', 'count_regards', 'count_remove', 'count_data', 'count_quality', 'count_valuable', 'count_indigo', u'count_enron', 'count_gun', 'count_here', u'count_thread-topic', 'count_business', u'count_express', 'count_order', 'count_our', 'count_blue', 'count_conference', u'count_iso-8859-7', 'count_monkey', 'count_tape', 'count_wrap', 'count_over', 'count_bank', u'count_x-bcc', 'count_font', u'count_2004', u'count_houston', u'count_+0300', u'count_mark', 'is_html', 'count_receive', 'count_click', 'count_hp', u'count_john', u'count_2005', u'count_+0000', 'count_best', u'count_software', 'count_thank', 'count_promotion', 'count_direct']"
0.93626666666666658,0.00088888888888888351,"['count_email', u'count_windows', u'count_mx', u'count_format', 'count_people', 'count_order', 'count_hello', u'count_v6.00.2900.2527', 'count_click', u'count_+0000', 'count_we', 'count_wrap', u'count_thread-topic', 'count_republic', 'count_upgrade', 'count_our', 'count_egg', 'count_bank', u'count_x-ms-tnef-correlator', u'count_adobe', u'count_wmdawmdawmdawmdawmdawmdawmdawmdawmdawmdawmdawmdawmdawmdawmdawmdawmdawmdawmda', 'count_monkey', u'count_\x1b', 'count_best', 'count_internet', 'count_technology', 'count_thank', 'count_hammer', 'count_fault', 'count_spaces', 'count_gun', u'count_multipart/alternative', 'count_table', u'count_x-filename', u'count_iso-8859-7', 'count_think', 'count_conference', u'count_x-from', 'count_fast', u'count_k', 'is_a_request', 'count_price', 'count_chamber', u'count_statements', 'count_germ', 'count_regards', 'count_take', 'count_credit', 'count_report', 'count_telnet', 'count_madam', u'count_2004', 'count_here', 'count_data', u'count_content-class', 'count_original', u'count_de', 'count_revenue', u'count_professional', u'count_n', u'count_david', 'count_receive', 'count_thread', 'count_pm', u'count_x-msmail-priority', u'count_\x81', 'is_html', u'count_2005', 'non_ascii']"
0.92142222222222214,0.028288888888888863,"['count_data', u'count_x-to', 'count_remove', 'count_credit', 'count_spaces', u'count_+0300', 'count_george', u'count_thread-topic', u'count_houston', 'count_revenue', 'count_money', u'count_x-ms-has-attach', 'count_valuable', 'is_a_request', u'count_x-from', 'count_punch', u'count_k', 'count_conference', u'count_binary', 'count_bank', 'count_here', 'count_wrap', 'non_ascii', 'count_germ', u'count_gicagicagicagicagicagicagicagicagicagicagicagicagicagicagicagicagicagicagica', u'count_x-ms-tnef-correlator', 'count_indigo', u'count_x-origin', u'count_x-filename', u'count_+0000', 'count_make', 'count_regards', 'count_over', 'count_font', 'count_original', 'count_we', u'count_john', u'count_\x1b', 'count_order', u'count_de', 'count_madam', 'count_upgrade', u'count_mimeole', 'count_cs', 'count_tape', 'count_email', u'count_louise', u'count_wmdawmdawmdawmdawmdawmdawmdawmdawmdawmdawmdawmdawmdawmdawmdawmdawmdawmdawmda', 'count_investment', 'count_direct', 'count_thread', u'count_xp', 'count_price', u'count_2004', 'is_html', 'count_gun', u'count_multipart/alternative', 'count_paper', 'count_enter', u'count_professional', u'count_thread-index', 'count_pm', u'count_adobe', 'count_how', 'count_internet', 'count_fault', u'count_2005', u'count_font-family', 'count_spam', u'count_g', u'count_statements', u'count_express', 'count_telnet', 'count_hi', u'count_software', 'count_best', 'count_hammer', u'count_x-bcc', 'count_monkey', u'count_mx', u'count_format', u'count_////////////////////////////////////////////////////////////////////////////', 'count_actor', 'count_call', 'count_hello', u'count_n', u'count_-original', u'count_windows', 'count_re', u'count_iso-8859-7', 'count_table', u'count_content-class', 'count_promotion', 'count_quality', 'count_thank', 'count_report', u'count_x-cc', 'len', 'count_edu', 'count_click']"
0.9449333333333334,0.025244444444444458,"[u'count_gicagicagicagicagicagicagicagicagicagicagicagicagicagicagicagicagicagicagica', 'is_html', 'non_ascii', u'count_2005', u'count_+0000', u'count_+0300', 'count_edu', u'count_multipart/alternative', u'count_\x1b', u'count_john', u'count_statements', u'count_houston', 'count_original', 'count_madam', u'count_////////////////////////////////////////////////////////////////////////////', 'count_upgrade', u'count_2004', u'count_x-from', 'count_quality', 'count_money', u'count_x-ms-tnef-correlator', u'count_express', 'count_valuable', 'count_adult', 'count_hammer', u'count_louise', u'count_x-bcc', u'count_wmdawmdawmdawmdawmdawmdawmdawmdawmdawmdawmdawmdawmdawmdawmdawmdawmdawmdawmda']"
0.95369999999999999,0.010233333333333317,"['count_price', 'count_money', u'count_x-cc', u'count_+0000', u'count_k', u'count_statements', u'count_-original', u'count_software', 'count_data', u'count_2004', 'count_original', u'count_gicagicagicagicagicagicagicagicagicagicagicagicagicagicagicagicagicagicagica', 'count_address', 'count_bank', u'count_multipart/alternative', 'count_upgrade', 'count_blue', 'count_wrap', 'count_punch', 'count_our', u'count_express', u'count_mimeole', 'count_thread', 'count_madam', 'count_offer', 'count_over', 'count_think', 'count_fault', u'count_content-class', u'count_xp', 'count_click', 'count_paper', u'count_houston', 'count_call', u'count_mx', 'count_receive', u'count_wmdawmdawmdawmdawmdawmdawmdawmdawmdawmdawmdawmdawmdawmdawmdawmdawmdawmdawmda', u'count_professional', 'count_email', 'count_here', 'non_ascii', 'count_telnet', 'count_people', 'count_investment', 'count_hi', 'count_table', 'count_revenue', 'count_we', u'count_louise', 'count_egg', u'count_\x1b', 'len', 'is_a_request', 'count_tape', 'count_enter', u'count_binary', 'count_chamber', u'count_x-ms-tnef-correlator', u'count_font-family', 'count_dear', u'count_thread-index', u'count_////////////////////////////////////////////////////////////////////////////', 'is_html', u'count_2005', u'count_x-origin', 'count_promotion']"
0.93177777777777782,0.0090222222222222093,"['count_we', u'count_g', u'count_x-filename', 'count_promotion', u'count_iso-8859-7', 'count_receive', u'count_gicagicagicagicagicagicagicagicagicagicagicagicagicagicagicagicagicagicagica', 'count_blue', 'count_republic', u'count_louise', 'count_here', 'count_internet', 'count_telnet', 'count_font', 'count_edu', u'count_software', 'count_remove', 'count_money', 'len', u'count_x-from', 'count_all', 'count_hi', 'count_cs', 'count_hp', 'count_re', 'count_conference', u'count_mx', 'count_chamber', u'count_multipart/alternative', u'count_thread-topic', u'count_de', u'count_thread-index', 'count_table', 'count_wrap', 'count_fast', 'count_hello', u'count_mimeole', u'count_////////////////////////////////////////////////////////////////////////////', u'count_v6.00.2900.2527', u'count_+0000', u'count_format', 'count_call', 'count_valuable', 'count_spaces', 'count_report', 'count_monkey', 'count_think', u'count_mark', 'count_our', 'count_credit', 'count_punch', u'count_professional', 'count_adult', 'count_address', u'count_john', u'count_wmdawmdawmdawmdawmdawmdawmdawmdawmdawmdawmdawmdawmdawmdawmdawmdawmdawmdawmda', 'count_direct', 'count_take', 'count_investment', 'count_actor', 'count_price', u'count_2005', u'count_xp', u'count_x-cc', u'count_enron', 'count_paper', u'count_houston', u'count_x-msmail-priority', 'count_best', 'count_spam', u'count_+0300', 'count_madam', u'count_x-bcc', 'count_business', 'count_how', 'is_a_request', u'count_x-origin', 'count_enter', 'count_dear', 'count_make', u'count_n', 'count_over', 'non_ascii', u'count_binary', 'count_quality', 'count_people', 'count_egg', u'count_k', u'count_content-classes', u'count_-original', 'count_email', 'count_order', 'count_revenue', 'count_data', 'count_offer', 'count_bank', 'count_thread', 'count_pm', 'count_thank', u'count_express', 'count_click', 'count_tape', 'count_technology', u'count_\x81', 'count_germ', 'count_free', 'count_regards', u'count_statements', 'count_gun', u'count_\x1b', u'count_x-ms-tnef-correlator', u'count_adobe', 'count_fault', 'count_original', u'count_content-class', u'count_x-ms-has-attach', 'count_upgrade', u'count_x-to', u'count_david', u'count_font-family', 'count_hammer']"
0.90358888888888889,0.02485555555555552,"['count_thread', 'count_investment', u'count_gicagicagicagicagicagicagicagicagicagicagicagicagicagicagicagicagicagicagica', 'count_adult', 'count_dear', u'count_x-bcc', u'count_john', u'count_content-classes', 'count_font', u'count_x-origin', 'count_telnet', 'count_chamber', 'count_order', 'count_direct', 'count_madam', u'count_express', 'count_offer', 'count_revenue', 'count_email', u'count_x-to', u'count_x-from', 'count_how', 'count_fast', 'count_spaces', u'count_k', u'count_thread-topic', 'count_people', u'count_font-family', u'count_software', u'count_\x81', 'count_report', 'count_all', 'len', u'count_david', u'count_binary', u'count_wmdawmdawmdawmdawmdawmdawmdawmdawmdawmdawmdawmdawmdawmdawmdawmdawmdawmdawmda', 'count_credit', u'count_x-ms-tnef-correlator', 'count_conference', 'count_quality', 'count_paper', 'is_html', 'non_ascii', u'count_2005', u'count_houston', 'count_indigo', 'count_click', u'count_louise', 'count_enter', u'count_+0300', 'count_gun']"
0.9218777777777778,0.013433333333333297,"[u'count_x-from', u'count_x-bcc', 'count_cs', 'count_upgrade', u'count_\x1b', 'count_madam', 'count_report', u'count_adobe', 'count_our', 'is_a_request', u'count_mimeole', 'count_tape', u'count_david', 'count_data', 'count_money', u'count_professional', u'count_de', 'count_promotion', 'count_hp', u'count_binary', 'count_credit', u'count_v6.00.2900.2527', u'count_wmdawmdawmdawmdawmdawmdawmdawmdawmdawmdawmdawmdawmdawmdawmdawmdawmdawmdawmda', 'count_wrap', 'count_spam', u'count_thread-index', 'count_receive', u'count_\x81', 'count_internet', 'count_original', u'count_john', 'count_edu', 'count_conference', u'count_x-cc', 'count_click', 'count_best', u'count_+0000', u'count_statements', 'count_make', 'count_telnet', u'count_mark', u'count_////////////////////////////////////////////////////////////////////////////', u'count_x-origin', 'count_re', 'count_adult', 'count_here', u'count_enron', 'count_how', 'count_technology', 'count_monkey', 'len', 'count_indigo', u'count_x-to', 'count_take', 'count_table', 'count_price', 'is_html', 'count_over', u'count_thread-topic', u'count_n', 'count_we']"
0.94428888888888884,0.013422222222222224,"[u'count_format', 'count_here', u'count_content-class', 'len', u'count_wmdawmdawmdawmdawmdawmdawmdawmdawmdawmdawmdawmdawmdawmdawmdawmdawmdawmdawmda', 'count_actor', u'count_n', 'count_spaces', 'count_indigo', 'count_think', u'count_statements', 'count_make', 'is_a_request', 'count_original', 'count_offer', u'count_adobe', u'count_iso-8859-7', u'count_windows', 'count_gun', 'count_investment', 'count_fast', 'count_fault', 'count_blue', u'count_louise', 'count_valuable', 'count_hello', 'count_business', 'count_tape', 'count_madam', 'count_cs', 'count_conference', u'count_x-ms-tnef-correlator', 'count_spam', 'count_internet', 'count_free', 'count_remove', u'count_x-msmail-priority', u'count_\x81', 'count_regards', u'count_g', 'count_all', 'count_our', u'count_content-classes', 'count_money', 'count_germ', 'count_egg', 'count_punch', u'count_xp', 'count_thank', u'count_2005', 'count_chamber', u'count_express', 'count_paper', 'count_upgrade', u'count_font-family', 'non_ascii', 'count_data', 'is_html', 'count_receive', u'count_+0300', u'count_2004']"
